Seed,Total Runs,Max Reward,Min Reward,Average Reward,Std Deviation,25th Percentile,50th Percentile,75th Percentile
10,1000,48.12280350121263,23.30512143580325,37.310669276682916,6.846719276382724,31.297673412446144,37.89111658543477,43.693418891714316
20,1000,48.12280350121263,23.30512143580325,37.350930152044924,6.821017501472114,31.460664041345883,37.93223611405429,43.693418891714316
30,1000,48.12280350121263,23.30512143580325,37.36591901768265,6.827828784674062,31.40076456582138,37.977759088554556,43.69922130689176
40,1000,48.12280350121263,23.30512143580325,37.35458442937533,6.807647552638066,31.488861002213298,37.93223611405429,43.591216800875884
50,1000,48.12280350121263,23.30512143580325,37.338469453273994,6.823599147212211,31.41504188151916,37.88827729509546,43.591216800875884
